Metric,Value
Accuracy,0.8685897435897436
F1 Score,0.9046511627906977
Precision,0.8276595744680851
Recall,0.9974358974358974
AUC-ROC,0.9456881437650668
